{"cameraMode":{"drawMode":0,"name":"Shaded","section":"Shading Mode"},"sceneLighting":true,"audioPlay":false,"sceneViewState":{"showFog":false,"showMaterialUpdate":false,"showSkybox":false,"showFlares":false,"showImageEffects":false,"showParticleSystems":false},"in2DMode":false,"pivot":{"x":196.523681640625,"y":-73.64386749267578,"z":-164.4851531982422},"rotation":{"x":0.08477485179901123,"y":0.8862097263336182,"z":-0.1794680804014206,"w":0.4186202883720398},"size":171.70603942871095,"orthographic":false}